"Page","Section","Section Description"
"Accueil","Barre de navigation",""
"","Section En-tête Hero","Présente le groupe MaatongGroup et ses différentes branches avec un visuel impactant et un message de bienvenue."
"","Section Fonctionnalité","Présentation des services de digitalisation proposés par MaatongTech USA."
"","Section Fonctionnalité","Exposition des services d'études industrielles par Maatong France."
"","Section Fonctionnalité","Exposition des services d'études architecturales par Maatong Cameroun."
"","Section Équipe","Présentation de l'équipe de direction de MaatongGroup et des leaders de chaque branche."
"","Section Liste de Logos","Affichage des partenaires et des certifications obtenues par MaatongGroup."
"","Section Avantages","Description des avantages concurrentiels et de la valeur ajoutée de MaatongGroup."
"","Section CTA (Appel à l'Action)","Incitation à prendre contact avec MaatongGroup pour des projets ou des consultations."
"","Section Témoignages","Témoignages de clients satisfaits par les services de MaatongGroup."
"","Section Newsletter","Invitation à s'inscrire à la newsletter pour recevoir des mises à jour et des informations sur l'industrie."
"","Section Accès Anticipé","Offre d'accès anticipé à de nouveaux services ou fonctionnalités pour les visiteurs qui s'inscrivent."
"","Section FAQ","Réponses aux questions fréquemment posées concernant les services et les opérations de MaatongGroup."
"","Pied de Page",""
"À Propos","Barre de navigation",""
"","Section En-tête","Introduction de la page À Propos avec un résumé sur MaatongGroup et sa vision."
"","Section À Propos","Histoire détaillée du MaatongGroup, sa fondation, son évolution, et ses différentes branches."
"","Section Équipe","Présentations des membres clés de l'équipe de MaatongGroup, y compris les chefs de MaatongTech USA, Maatong France, et Maatong Cameroun."
"","Section Statistiques","Statistiques significatives mettant en avant la croissance et le succès de MaatongGroup."
"","Section Galerie","Galerie d'images montrant les événements importants, les locaux et l'atmosphère de travail au sein du groupe."
"","Section Liste de Logos de Clients","Affichage des logos des clients notables qui ont travaillé avec MaatongGroup."
"","Section Liste de Logos de Clients","Présentation des témoignages et des études de cas de clients satisfaits."
"","Section Liste de Logos de Partenaires","Liste des partenaires stratégiques et des collaborations qui soutiennent MaatongGroup."
"","Section Comment ça Marche","Explication du processus de travail de MaatongGroup avec ses clients, de l'initiation du projet à la livraison."
"","Section CTA (Appel à l'Action)","Un appel à l'action encourageant les visiteurs à contacter MaatongGroup pour plus d'informations ou pour démarrer un projet."
"","Pied de Page",""
"Services","Barre de navigation",""
"","Section En-tête","Une introduction générale des services offerts par MaatongGroup, mettant en valeur l'expertise et les domaines d'intervention de l'entreprise."
"","Section Services","Détail des services de digitalisation offerts par MaatongTech USA, avec des exemples de projets réalisés et des études de cas."
"","Section Services","Description des services d'étude industrielle proposés par Maatong France, incluant des processus et méthodologies utilisés."
"","Section Services","Explication des services d'étude architecturale offerts par Maatong Cameroun, avec un portfolio de projets antérieurs."
"","Section Comment ça Marche","Explication du processus de travail avec MaatongGroup, de la prise de contact jusqu'à la livraison du projet."
"","Section Liste de Fonctionnalités","Liste des fonctionnalités spécifiques ou des technologies utilisées par MaatongGroup dans la réalisation de ses services."
"","Section CTA (Appel à l'Action)","Un appel à l'action pour encourager les visiteurs à prendre rendez-vous pour une consultation ou à demander un devis."
"","Section FAQ","Une section FAQ pour répondre aux questions courantes relatives aux services proposés, aux délais, aux coûts, etc."
"","Section Contact","Coordonnées et formulaire de contact pour permettre aux visiteurs d'entrer facilement en communication avec MaatongGroup."
"","Pied de Page",""
"MaatongTech USA","Barre de navigation",""
"","Section En-tête d'Élément de Projet","Une introduction à MaatongTech USA mettant en lumière son rôle dans la digitalisation des entreprises avec un visuel représentatif et slogan accrocheur."
"","Section Fonctionnalité","Présentation détaillée du service de digitalisation, incluant des exemples de projets et des études de cas."
"","Section Comment ça Marche","Explication du processus de digitalisation, de la prise de contact à la livraison du projet."
"","Section Statistiques","Statistiques clés démontrant la réussite et l'impact des solutions de digitalisation de MaatongTech USA."
"","Section Avantages","Les points forts de choisir MaatongTech USA pour la digitalisation, tels que l'expertise technologique, l'innovation, et le support client."
"","Section Témoignages","Témoignages de clients ayant bénéficié des services de digitalisation de MaatongTech USA."
"","Section CTA (Appel à l'Action)","Un appel à l'action incitant les visiteurs à prendre contact pour en savoir plus ou pour démarrer leur projet de digitalisation."
"","Section Formulaire de Contact","Un formulaire permettant aux visiteurs de demander des informations supplémentaires ou un devis."
"","Section FAQ","Une section FAQ pour répondre aux questions courantes sur les services de digitalisation de MaatongTech USA."
"","Section Localisation","Information sur l'emplacement des bureaux de MaatongTech USA et comment les visiter."
"","Pied de Page",""
"Maatong France","Barre de navigation",""
"","Section En-tête d'Élément de Projet","Présentation de Maatong France avec un focus sur leur expertise en études industrielles."
"","Section Corps d'Étude de Cas","Présentation de cas d'étude détaillant des projets d'études industrielles réussis par Maatong France."
"","Section Liste de Fonctionnalités","Liste des services spécifiques proposés par Maatong France dans le domaine des études industrielles."
"","Section À Propos","Histoire de Maatong France, ses valeurs, mission et vision."
"","Section Équipe","Présentation de l'équipe clé de Maatong France, incluant les chefs de projet et les ingénieurs."
"","Section Liste de Logos de Clients","Logos des clients notables qui ont travaillé avec Maatong France."
"","Section Avantages","Avantages de travailler avec Maatong France pour des études industrielles."
"","Section CTA (Appel à l'Action)","Incitation pour les visiteurs à contacter Maatong France pour discuter de leurs besoins en études industrielles."
"","Section Témoignages","Témoignages de clients décrivant leur expérience positive avec Maatong France."
"","Section FAQ","Section FAQ pour répondre aux questions courantes sur les processus et les services d'études industrielles de Maatong France."
"","Section Contact","Coordonnées et formulaire pour encourager la prise de contact directe avec Maatong France."
"","Pied de Page",""
"Maatong Cameroun","Barre de navigation",""
"","Section En-tête d'Élément de Projet","Un en-tête spécifique à Maatong Cameroun qui met en avant leur expertise en études architecturales avec une image représentative."
"","Section Services","Mise en détail des services d'études architecturales offerts par Maatong Cameroun."
"","Section Comment ça Marche","Explication du processus de travail de Maatong Cameroun, de la conception à la réalisation d'un projet."
"","Section Statistiques","Présentation de statistiques clés qui soulignent le succès et l'expérience de Maatong Cameroun dans le secteur architectural."
"","Section Avantages","Description des avantages de travailler avec Maatong Cameroun pour des projets architecturaux."
"","Section Liste de Cours","Si applicable, liste des cours ou des formations en architecture proposés par Maatong Cameroun."
"","Section Liste de Projets","Portfolio des projets d'architecture réalisés par Maatong Cameroun avec des études de cas détaillées."
"","Section Témoignages","Témoignages de clients et partenaires ayant travaillé avec Maatong Cameroun."
"","Section CTA (Appel à l'Action)","Un appel à l'action encourageant les visiteurs à contacter Maatong Cameroun pour discuter de leurs besoins en architecture."
"","Section Contact","Informations de contact pour Maatong Cameroun, y compris l'adresse, le numéro de téléphone, et le formulaire de contact."
"","Section Localisation","Carte interactive montrant l'emplacement du bureau de Maatong Cameroun."
"","Pied de Page",""
"Nos clients","Barre de navigation",""
"","Section En-tête","Présentation de la page avec un titre engageant comme ""Nos Partenaires de Succès"" et un bref paragraphe introductif sur l'importance des clients pour MaatongGroup."
"","Section Liste de Logos de Clients","Affichage des logos des clients notables qui ont fait confiance à MaatongGroup."
"","Section Témoignages","Une collection de témoignages de clients satisfaits qui mettent en valeur le travail et l'expertise de MaatongGroup dans ses domaines de spécialisation."
"","Section Avantages","Description des bénéfices spécifiques que les clients ont obtenus en travaillant avec MaatongGroup, comme l'amélioration de l'efficacité, la qualité des études, ou la transformation numérique réussie."
"","Section CTA (Appel à l'Action)","Un appel à l'action pour encourager les visiteurs à devenir des clients de MaatongGroup ou à contacter l'entreprise pour plus d'informations."
"","Section Liste de Logos de Prix","Exposition de tous les prix et reconnaissances que MaatongGroup a reçus, ce qui renforce la confiance des clients potentiels."
"","Section Galerie","Une galerie d'images ou de vidéos montrant MaatongGroup en action, par exemple lors d'événements avec des clients ou pendant la réalisation de projets."
"","Section FAQ","Une section FAQ pour répondre aux questions courantes que les clients potentiels pourraient avoir à propos de travailler avec MaatongGroup."
"","Pied de Page",""
"Contact","Barre de navigation",""
"","Section En-tête","Présentation de la page Contact avec un titre accueillant et une image représentative du service client."
"","Section Contact","Informations détaillées pour contacter MaatongGroup, y compris les numéros de téléphone, adresses e-mail, et adresses physiques de MaatongTech USA, Maatong France, et Maatong Cameroun."
"","Section Formulaire de Contact","Formulaire de contact pour les demandes générales, les questions, ou les commentaires. Inclut des champs pour le nom, l'e-mail, le sujet, et le message."
"","Section Localisation","Cartes interactives affichant les emplacements des bureaux de MaatongTech USA, Maatong France, et Maatong Cameroun."
"","Pied de Page",""
"Carrières","Barre de navigation",""
"","Section En-tête","Présentation des opportunités de carrière chez MaatongGroup avec un visuel engageant mettant en avant la culture d'entreprise."
"","Section Liste d'Offres d'Emploi","Liste des postes actuellement disponibles au sein des différentes branches de MaatongGroup, avec des liens vers les descriptions de poste et les exigences."
"","Section Formulaire de Candidature","Un formulaire permettant aux candidats de soumettre leur candidature directement sur le site, avec la possibilité de joindre un CV et une lettre de motivation."
"","Section Avantages","Détail des avantages proposés par MaatongGroup aux employés, tels que les programmes de formation, les avantages sociaux, et la culture d'entreprise."
"","Section Témoignages","Témoignages d'employés actuels partageant leur expérience de travail chez MaatongGroup et ce que cela leur a apporté sur le plan professionnel et personnel."
"","Section Équipe","Présentation des membres clés de l'équipe MaatongGroup pour donner une idée de la diversité et de l'expertise au sein de l'entreprise."
"","Section CTA (Appel à l'Action)","Un appel à l'action pour encourager les visiteurs à postuler ou à prendre contact avec le département des ressources humaines pour plus d'informations."
"","Section Newsletter","Option pour les visiteurs de s'inscrire à une newsletter dédiée aux carrières pour recevoir des notifications sur les nouvelles offres d'emploi et les événements de recrutement de MaatongGroup."
"","Section Localisation","Informations sur les différents lieux de travail de MaatongGroup, y compris MaatongTech USA, Maatong France, et Maatong Cameroun, avec des cartes et des adresses."
"","Section Contact","Coordonnées du département des ressources humaines de MaatongGroup, pour les questions relatives aux carrières et aux processus de candidature."
"","Pied de Page",""